what,kind,bundleId,bundleVersion,description,time
activated,workbench,org.eclipse.ui.workbench,3.7.0.I20110519-0100,"",1348111851841
deactivated,workbench,org.eclipse.ui.workbench,3.7.0.I20110519-0100,"",1348111852623
activated,workbench,org.eclipse.ui.workbench,3.7.0.I20110519-0100,"",1348111866745
executed,command,org.eclipse.ui,3.7.0.I20110602-0100,"org.eclipse.ui.edit.findReplace",1348111869497
deactivated,workbench,org.eclipse.ui.workbench,3.7.0.I20110519-0100,"",1348111869518
activated,workbench,org.eclipse.ui.workbench,3.7.0.I20110519-0100,"",1348111877715
deactivated,workbench,org.eclipse.ui.workbench,3.7.0.I20110519-0100,"",1348111885837
activated,workbench,org.eclipse.ui.workbench,3.7.0.I20110519-0100,"",1348111908488
activated,editor,org.eclipse.cdt.ui,5.3.1.201109151620,"org.eclipse.cdt.ui.editor.CEditor",1348111911286
closed,editor,org.eclipse.cdt.ui,5.3.1.201109151620,"org.eclipse.cdt.ui.editor.CEditor",1348111911286
executed,command,org.eclipse.ui,3.7.0.I20110602-0100,"org.eclipse.ui.edit.paste",1348111913870
executed,command,org.eclipse.ui.workbench.texteditor,3.7.0.v20110505-0800,"org.eclipse.ui.edit.text.select.lineStart",1348111915060
executed,command,org.eclipse.ui,3.7.0.I20110602-0100,"org.eclipse.ui.edit.cut",1348111916025
executed,command,org.eclipse.ui,3.7.0.I20110602-0100,"org.eclipse.ui.file.save",1348111918664
executed,command,org.eclipse.ui,3.7.0.I20110602-0100,"org.eclipse.ui.edit.paste",1348111923517
deactivated,workbench,org.eclipse.ui.workbench,3.7.0.I20110519-0100,"",1348111936855
activated,workbench,org.eclipse.ui.workbench,3.7.0.I20110519-0100,"",1348112057279
executed,command,org.eclipse.ui,3.7.0.I20110602-0100,"org.eclipse.ui.edit.text.contentAssist.proposals",1348112068283
executed,command,org.eclipse.ui.workbench.texteditor,3.7.0.v20110505-0800,"org.eclipse.ui.edit.text.goto.lineEnd",1348112106594
executed,command,org.eclipse.ui,3.7.0.I20110602-0100,"org.eclipse.ui.file.save",1348112108313
deactivated,workbench,org.eclipse.ui.workbench,3.7.0.I20110519-0100,"",1348112111519
activated,workbench,org.eclipse.ui.workbench,3.7.0.I20110519-0100,"",1348112112019
executed,command,org.eclipse.ui.workbench.texteditor,3.7.0.v20110505-0800,"org.eclipse.ui.edit.text.goto.lineEnd",1348112132138
executed,command,org.eclipse.ui,3.7.0.I20110602-0100,"org.eclipse.ui.edit.cut",1348112134367
executed,command,org.eclipse.ui.workbench.texteditor,3.7.0.v20110505-0800,"org.eclipse.ui.edit.text.goto.lineEnd",1348112135990
executed,command,org.eclipse.ui.workbench.texteditor,3.7.0.v20110505-0800,"org.eclipse.ui.edit.text.select.lineStart",1348112137424
executed,command,org.eclipse.ui,3.7.0.I20110602-0100,"org.eclipse.ui.file.save",1348112140050
activated,editor,org.eclipse.cdt.ui,5.3.1.201109151620,"org.eclipse.cdt.ui.editor.CEditor",1348112141424
executed,command,org.eclipse.ui,3.7.0.I20110602-0100,"org.eclipse.ui.edit.paste",1348112156588
executed,command,org.eclipse.ui.workbench.texteditor,3.7.0.v20110505-0800,"org.eclipse.ui.edit.text.goto.lineEnd",1348112157877
executed,command,org.eclipse.ui.workbench.texteditor,3.7.0.v20110505-0800,"org.eclipse.ui.edit.text.select.lineStart",1348112158674
executed,command,org.eclipse.ui,3.7.0.I20110602-0100,"org.eclipse.ui.edit.copy",1348112159591
executed,command,org.eclipse.ui,3.7.0.I20110602-0100,"org.eclipse.ui.edit.paste",1348112160583
executed,command,org.eclipse.ui,3.7.0.I20110602-0100,"org.eclipse.ui.file.save",1348112163248
activated,editor,org.eclipse.jdt.ui,3.7.0.v20110531-1200,"org.eclipse.jdt.ui.CompilationUnitEditor",1348112170841
activated,editor,org.eclipse.cdt.ui,5.3.1.201109151620,"org.eclipse.cdt.ui.editor.CEditor",1348112175535
activated,editor,org.eclipse.cdt.ui,5.3.1.201109151620,"org.eclipse.cdt.ui.editor.CEditor",1348112177908
activated,editor,org.eclipse.cdt.ui,5.3.1.201109151620,"org.eclipse.cdt.ui.editor.CEditor",1348112190024
deactivated,workbench,org.eclipse.ui.workbench,3.7.0.I20110519-0100,"",1348112244326
activated,workbench,org.eclipse.ui.workbench,3.7.0.I20110519-0100,"",1348112245271
deactivated,workbench,org.eclipse.ui.workbench,3.7.0.I20110519-0100,"",1348112245762
activated,workbench,org.eclipse.ui.workbench,3.7.0.I20110519-0100,"",1348112471071
executed,command,org.eclipse.ui.workbench.texteditor,3.7.0.v20110505-0800,"org.eclipse.ui.edit.text.goto.lineEnd",1348112477352
executed,command,org.eclipse.ui,3.7.0.I20110602-0100,"org.eclipse.ui.edit.paste",1348112478545
deactivated,workbench,org.eclipse.ui.workbench,3.7.0.I20110519-0100,"",1348112483088
activated,workbench,org.eclipse.ui.workbench,3.7.0.I20110519-0100,"",1348112485016
executed,command,org.eclipse.ui,3.7.0.I20110602-0100,"org.eclipse.ui.file.save",1348112499579
executed,command,org.eclipse.ui.workbench.texteditor,3.7.0.v20110505-0800,"org.eclipse.ui.edit.text.goto.lineEnd",1348112531496
executed,command,org.eclipse.ui.workbench.texteditor,3.7.0.v20110505-0800,"org.eclipse.ui.edit.text.select.lineStart",1348112532637
executed,command,org.eclipse.ui,3.7.0.I20110602-0100,"org.eclipse.ui.edit.cut",1348112533371
executed,command,org.eclipse.ui,3.7.0.I20110602-0100,"org.eclipse.ui.edit.paste",1348112534792
executed,command,org.eclipse.ui,3.7.0.I20110602-0100,"org.eclipse.ui.edit.delete",1348112547572
executed,command,org.eclipse.ui,3.7.0.I20110602-0100,"org.eclipse.ui.edit.delete",1348112547733
executed,command,org.eclipse.ui,3.7.0.I20110602-0100,"org.eclipse.ui.edit.delete",1348112547927
executed,command,org.eclipse.ui,3.7.0.I20110602-0100,"org.eclipse.ui.edit.delete",1348112548118
executed,command,org.eclipse.ui,3.7.0.I20110602-0100,"org.eclipse.ui.edit.delete",1348112548341
executed,command,org.eclipse.ui,3.7.0.I20110602-0100,"org.eclipse.ui.file.save",1348112604322
activated,editor,org.eclipse.cdt.ui,5.3.1.201109151620,"org.eclipse.cdt.ui.editor.CEditor",1348112606274
closed,editor,org.eclipse.cdt.ui,5.3.1.201109151620,"org.eclipse.cdt.ui.editor.CEditor",1348112606274
activated,editor,org.eclipse.jdt.ui,3.7.0.v20110531-1200,"org.eclipse.jdt.ui.CompilationUnitEditor",1348112607907
closed,editor,org.eclipse.cdt.ui,5.3.1.201109151620,"org.eclipse.cdt.ui.editor.CEditor",1348112607908
activated,view,org.eclipse.ui.navigator.resources,3.4.300.I20110421-1800,"org.eclipse.ui.navigator.ProjectExplorer",1348112628500
activated,editor,org.eclipse.jdt.ui,3.7.0.v20110531-1200,"org.eclipse.jdt.ui.CompilationUnitEditor",1348112629728
executed,command,org.eclipse.ui,3.7.0.I20110602-0100,"org.eclipse.ui.edit.copy",1348112660221
executed,command,org.eclipse.ui.workbench.texteditor,3.7.0.v20110505-0800,"org.eclipse.ui.edit.text.goto.lineEnd",1348112662001
executed,command,org.eclipse.ui,3.7.0.I20110602-0100,"org.eclipse.ui.edit.paste",1348112663002
executed,command,org.eclipse.ui,3.7.0.I20110602-0100,"org.eclipse.ui.edit.text.contentAssist.proposals",1348112679769
executed,command,org.eclipse.ui,3.7.0.I20110602-0100,"org.eclipse.ui.edit.text.contentAssist.proposals",1348112686714
executed,command,org.eclipse.ui,3.7.0.I20110602-0100,"org.eclipse.ui.edit.undo",1348112718413
executed,command,org.eclipse.ui,3.7.0.I20110602-0100,"org.eclipse.ui.edit.undo",1348112718848
executed,command,org.eclipse.ui,3.7.0.I20110602-0100,"org.eclipse.ui.edit.undo",1348112719413
executed,command,org.eclipse.ui,3.7.0.I20110602-0100,"org.eclipse.ui.edit.undo",1348112719816
executed,command,org.eclipse.ui,3.7.0.I20110602-0100,"org.eclipse.ui.edit.undo",1348112720211
executed,command,org.eclipse.ui,3.7.0.I20110602-0100,"org.eclipse.ui.edit.undo",1348112721364
executed,command,org.eclipse.ui,3.7.0.I20110602-0100,"org.eclipse.ui.edit.undo",1348112722121
executed,command,org.eclipse.ui,3.7.0.I20110602-0100,"org.eclipse.ui.edit.undo",1348112722606
executed,command,org.eclipse.ui,3.7.0.I20110602-0100,"org.eclipse.ui.file.save",1348112739866
activated,view,org.eclipse.ui.navigator.resources,3.4.300.I20110421-1800,"org.eclipse.ui.navigator.ProjectExplorer",1348112746020
deactivated,workbench,org.eclipse.ui.workbench,3.7.0.I20110519-0100,"",1348112751857
closed,workbench,org.eclipse.ui.workbench,3.7.0.I20110519-0100,"",1348112753448
stopped,bundle,org.eclipse.jst.ws.axis.creation.ui,1.0.700.v201104070312,"org.eclipse.jst.ws.axis.creation.ui",1348112754076
stopped,bundle,org.eclipse.jst.ws.axis.consumption.ui,1.0.505.v201004211805,"org.eclipse.jst.ws.axis.consumption.ui",1348112754076
stopped,bundle,org.eclipse.jst.ws.axis.consumption.core,1.0.407.v201104071820,"org.eclipse.jst.ws.axis.consumption.core",1348112754076
stopped,bundle,org.eclipse.jst.ws.axis2.creation.ui,1.0.104.v201004211805,"org.eclipse.jst.ws.axis2.creation.ui",1348112754076
stopped,bundle,org.eclipse.jst.ws.axis2.consumption.ui,1.0.103.v201004211805,"org.eclipse.jst.ws.axis2.consumption.ui",1348112754076
stopped,bundle,org.eclipse.jst.ws.axis2.creation.core,1.0.106.v201004211805,"org.eclipse.jst.ws.axis2.creation.core",1348112754076
stopped,bundle,org.eclipse.jst.ws.axis2.consumption.core,1.0.105.v201004211805,"org.eclipse.jst.ws.axis2.consumption.core",1348112754076
stopped,bundle,org.eclipse.jst.ws.axis2.ui,1.0.303.v201003110431,"org.eclipse.jst.ws.axis2.ui",1348112754076
stopped,bundle,org.eclipse.jst.ws.axis2.core,1.0.204.v201004211805,"org.eclipse.jst.ws.axis2.core",1348112754076
stopped,bundle,org.eclipse.jst.ws.cxf.creation.ui,1.0.100.v201104022153,"org.eclipse.jst.ws.cxf.creation.ui",1348112754076
stopped,bundle,org.eclipse.jst.ws.creation.ui,1.0.609.v201103082016,"org.eclipse.jst.ws.creation.ui",1348112754076
stopped,bundle,org.eclipse.jst.ws.cxf.consumption.ui,1.0.0.v201003222311,"org.eclipse.jst.ws.cxf.consumption.ui",1348112754076
stopped,bundle,org.eclipse.jst.ws.consumption.ui,1.1.400.v201103082016,"org.eclipse.jst.ws.consumption.ui",1348112754076
stopped,bundle,org.eclipse.jst.ws.consumption,1.0.600.v201103082016,"org.eclipse.jst.ws.consumption",1348112754076
stopped,bundle,org.eclipse.jst.ws.cxf.consumption.core,1.0.0.v201003222311,"org.eclipse.jst.ws.cxf.consumption.core",1348112754076
stopped,bundle,org.eclipse.jst.ws.cxf.creation.core,1.0.100.v201104022153,"org.eclipse.jst.ws.cxf.creation.core",1348112754077
stopped,bundle,org.eclipse.jst.ws.cxf.ui,1.0.0.v201004171919,"org.eclipse.jst.ws.cxf.ui",1348112754077
stopped,bundle,org.eclipse.jst.ws.cxf.core,1.0.100.v201104022153,"org.eclipse.jst.ws.cxf.core",1348112754077
stopped,bundle,org.eclipse.jst.ws.uddiregistry,1.0.500.v201004211805,"org.eclipse.jst.ws.uddiregistry",1348112754077
stopped,bundle,org.eclipse.jst.ws.ui,1.0.403.v201004211805,"org.eclipse.jst.ws.ui",1348112754077
stopped,bundle,org.eclipse.jst.ws,1.0.508.v201104071820,"org.eclipse.jst.ws",1348112754077
stopped,bundle,org.eclipse.wst.ws.explorer,1.0.607.v201103082002,"org.eclipse.wst.ws.explorer",1348112754077
stopped,bundle,org.eclipse.wst.wsdl.ui,1.2.402.v201105050214,"org.eclipse.wst.wsdl.ui",1348112754077
stopped,bundle,org.eclipse.wst.ws.ui,1.1.200.v201004211805,"org.eclipse.wst.ws.ui",1348112754077
stopped,bundle,org.eclipse.wst.wsi.ui,1.0.502.v201104071820,"org.eclipse.wst.wsi.ui",1348112754077
stopped,bundle,org.eclipse.wst.wsi,1.0.401.v201104071820,"org.eclipse.wst.wsi",1348112754077
stopped,bundle,org.eclipse.wst.ws,1.1.203.v201004211805,"org.eclipse.wst.ws",1348112754078
stopped,bundle,org.eclipse.jst.j2ee.webservice.ui,1.1.500.v201105122000,"org.eclipse.jst.j2ee.webservice.ui",1348112754078
stopped,bundle,org.eclipse.jst.j2ee.webservice,1.1.400.v201004110600,"org.eclipse.jst.j2ee.webservice",1348112754078
stopped,bundle,org.eclipse.wst.ws.parser,1.0.403.v201004211805,"org.eclipse.wst.ws.parser",1348112754078
stopped,bundle,org.eclipse.jpt.dbws.eclipselink.ui,1.0.0.v201104110000,"org.eclipse.jpt.dbws.eclipselink.ui",1348112754078
stopped,bundle,org.eclipse.datatools.enablement.hsqldb.ui,1.0.0.v200906020900,"org.eclipse.datatools.enablement.hsqldb.ui",1348112754078
stopped,bundle,org.eclipse.datatools.enablement.ingres.ui,1.0.0.v201105270214,"org.eclipse.datatools.enablement.ingres.ui",1348112754078
stopped,bundle,org.eclipse.datatools.enablement.postgresql.ui,1.0.0.v200906020900,"org.eclipse.datatools.enablement.postgresql.ui",1348112754078
stopped,bundle,org.eclipse.datatools.enablement.sqlite.ui,1.0.0.v200906020900,"org.eclipse.datatools.enablement.sqlite.ui",1348112754078
stopped,bundle,org.eclipse.jpt.jpa.eclipselink.ui,2.0.0.v201104270001,"org.eclipse.jpt.jpa.eclipselink.ui",1348112754078
stopped,bundle,org.eclipse.jpt.jpa.ui,3.0.0.v201105170000,"org.eclipse.jpt.jpa.ui",1348112754087
stopped,bundle,org.eclipse.datatools.connectivity.db.generic.ui,1.0.1.v201004070709,"org.eclipse.datatools.connectivity.db.generic.ui",1348112754087
stopped,bundle,org.eclipse.datatools.connectivity.apache.derby.ui,1.0.3.v201007080903,"org.eclipse.datatools.connectivity.apache.derby.ui",1348112754087
stopped,bundle,org.eclipse.datatools.enablement.sybase.asa.schemaobjecteditor.examples,2.5.0.200810071,"org.eclipse.datatools.enablement.sybase.asa.schemaobjecteditor.examples",1348112754087
stopped,bundle,org.eclipse.datatools.enablement.sybase.asa.ui,1.0.1.v200906111150,"org.eclipse.datatools.enablement.sybase.asa.ui",1348112754087
stopped,bundle,org.eclipse.datatools.enablement.sybase.ase.ui,1.0.1.v200906020900,"org.eclipse.datatools.enablement.sybase.ase.ui",1348112754087
stopped,bundle,org.eclipse.datatools.enablement.sybase.ui,1.0.0.v200906090458,"org.eclipse.datatools.enablement.sybase.ui",1348112754087
stopped,bundle,org.eclipse.datatools.sqltools.data.ui,1.2.1.v201010270945,"org.eclipse.datatools.sqltools.data.ui",1348112754087
stopped,bundle,org.eclipse.datatools.connectivity.sqm.server.ui,1.1.100.v201009280455,"org.eclipse.datatools.connectivity.sqm.server.ui",1348112754087
stopped,bundle,org.eclipse.datatools.sqltools.ddlgen.ui,1.0.1.v201002270530,"org.eclipse.datatools.sqltools.ddlgen.ui",1348112754087
stopped,bundle,org.eclipse.datatools.sqltools.db.derby.ui,1.0.0.v200906020900,"org.eclipse.datatools.sqltools.db.derby.ui",1348112754087
stopped,bundle,org.eclipse.datatools.sqltools.db.generic.ui,1.0.0.v200906020900,"org.eclipse.datatools.sqltools.db.generic.ui",1348112754087
stopped,bundle,org.eclipse.datatools.sqltools.debugger.core.ui,1.0.0.v201003161000,"org.eclipse.datatools.sqltools.debugger.core.ui",1348112754087
stopped,bundle,org.eclipse.datatools.sqltools.routineeditor.ui,1.0.1.v201004060545,"org.eclipse.datatools.sqltools.routineeditor.ui",1348112754088
stopped,bundle,org.eclipse.datatools.sqltools.sqlbuilder,1.0.3.v201009131745,"org.eclipse.datatools.sqltools.sqlbuilder",1348112754088
stopped,bundle,org.eclipse.datatools.sqltools.debugger.core,1.0.1.v201005250945,"org.eclipse.datatools.sqltools.debugger.core",1348112754088
stopped,bundle,org.eclipse.datatools.sqltools.schemaobjecteditor.ui.pages,1.1.0.200810071,"org.eclipse.datatools.sqltools.schemaobjecteditor.ui.pages",1348112754088
stopped,bundle,org.eclipse.datatools.sqltools.schemaobjecteditor.ui,1.1.1.200810071,"org.eclipse.datatools.sqltools.schemaobjecteditor.ui",1348112754088
stopped,bundle,org.eclipse.datatools.sqltools.sqlscrapbook,1.0.1.v201005250945,"org.eclipse.datatools.sqltools.sqlscrapbook",1348112754088
stopped,bundle,org.eclipse.datatools.sqltools.sqleditor,1.0.2.v201009230800,"org.eclipse.datatools.sqltools.sqleditor",1348112754088
stopped,bundle,org.eclipse.datatools.sqltools.editor.core.ui,1.0.0.v201001150815,"org.eclipse.datatools.sqltools.editor.core.ui",1348112754088
stopped,bundle,org.eclipse.datatools.sqltools.tabledataeditor,1.0.1.v201005250945,"org.eclipse.datatools.sqltools.tabledataeditor",1348112754088
stopped,bundle,org.eclipse.datatools.connectivity.sqm.core.ui,1.2.0.v201002281800,"org.eclipse.datatools.connectivity.sqm.core.ui",1348112754088
stopped,bundle,org.eclipse.jst.j2ee.ejb.annotations.ui,1.1.200.v201004290730,"org.eclipse.jst.j2ee.ejb.annotations.ui",1348112754088
stopped,bundle,org.eclipse.datatools.connectivity.ui.dse,1.1.4.v201004270430,"org.eclipse.datatools.connectivity.ui.dse",1348112754088
stopped,bundle,org.eclipse.jst.j2ee.xdoclet.runtime,1.1.300.v201004280700,"org.eclipse.jst.j2ee.xdoclet.runtime",1348112754088
stopped,bundle,org.eclipse.jst.j2ee.ejb.annotations.xdoclet,1.2.200.v201103302125,"org.eclipse.jst.j2ee.ejb.annotations.xdoclet",1348112754088
stopped,bundle,overlay.com.android.ide.eclipse.adt.overlay,16.0.1.v201112150204-238534,"overlay.com.android.ide.eclipse.adt.overlay",1348112754088
stopped,bundle,com.android.ide.eclipse.adt,16.0.1.v201112150204-238534,"com.android.ide.eclipse.adt",1348112754157
stopped,bundle,org.eclipse.jst.jsf.apache.trinidad.tagsupport,1.1.200.v201104061711,"org.eclipse.jst.jsf.apache.trinidad.tagsupport",1348112754157
stopped,bundle,org.eclipse.jst.jsf.facesconfig.ui,1.2.2.v201103292152,"org.eclipse.jst.jsf.facesconfig.ui",1348112754157
stopped,bundle,org.eclipse.jst.jsf.facelet.ui,1.0.1.v201104032306,"org.eclipse.jst.jsf.facelet.ui",1348112754157
stopped,bundle,org.eclipse.jst.jsf.ui,1.3.2.v201104251204,"org.eclipse.jst.jsf.ui",1348112754157
stopped,bundle,org.eclipse.jst.pagedesigner.jsf.ui,1.2.100.v201104061711,"org.eclipse.jst.pagedesigner.jsf.ui",1348112754157
stopped,bundle,org.eclipse.jst.pagedesigner,1.3.3.v201104032306,"org.eclipse.jst.pagedesigner",1348112754158
stopped,bundle,org.eclipse.jst.jsf.common.ui,1.2.100.v201104061711,"org.eclipse.jst.jsf.common.ui",1348112754158
stopped,bundle,org.eclipse.pde.ua.ui,1.0.100.v20110516,"org.eclipse.pde.ua.ui",1348112754158
stopped,bundle,org.eclipse.datatools.connectivity.oda.template.ui,3.2.1.v201004090942,"org.eclipse.datatools.connectivity.oda.template.ui",1348112754158
stopped,bundle,org.eclipse.pde.api.tools.ui,1.0.300.v20110523-1600,"org.eclipse.pde.api.tools.ui",1348112754158
stopped,bundle,org.eclipse.pde.ds.ui,1.0.100.v20110516,"org.eclipse.pde.ds.ui",1348112754158
stopped,bundle,org.eclipse.pde.runtime,3.4.200.v20110508,"org.eclipse.pde.runtime",1348112754158
stopped,bundle,org.eclipse.pde.ui.templates,3.4.400.v20110516,"org.eclipse.pde.ui.templates",1348112754158
stopped,bundle,org.eclipse.pde.ui,3.6.100.v20110603,"org.eclipse.pde.ui",1348112754159
stopped,bundle,org.eclipse.cdt,8.0.0.201109151620,"org.eclipse.cdt",1348112754159
stopped,bundle,org.eclipse.ui.cheatsheets,3.4.100.v20110425,"org.eclipse.ui.cheatsheets",1348112754159
stopped,bundle,org.eclipse.help.ui,3.5.100.v20110425,"org.eclipse.help.ui",1348112754159
stopped,bundle,org.eclipse.help.webapp,3.6.0.v20110518,"org.eclipse.help.webapp",1348112754159
stopped,bundle,org.eclipse.epp.mpc.ui,1.1.0.I20110525-0742,"org.eclipse.epp.mpc.ui",1348112754159
stopped,bundle,org.eclipse.epp.usagedata.ui,1.3.1.R201106061540,"org.eclipse.epp.usagedata.ui",1348112754160
stopped,bundle,org.eclipse.ui.intro.universal,3.2.500.v20110510,"org.eclipse.ui.intro.universal",1348112754160
stopped,bundle,org.eclipse.wtp.epp.package.jee.intro,1.3.0.v201006142040,"org.eclipse.wtp.epp.package.jee.intro",1348112754160
stopped,bundle,org.eclipse.ui.intro,3.4.100.v20110425,"org.eclipse.ui.intro",1348112754160
stopped,bundle,org.eclipse.help.base,3.6.0.v201106131736,"org.eclipse.help.base",1348112754160
stopped,bundle,org.eclipse.equinox.http.jetty,2.0.100.v20110502,"org.eclipse.equinox.http.jetty",1348112754160
stopped,bundle,org.eclipse.wst.server.preview,1.1.100.v20091208,"org.eclipse.wst.server.preview",1348112754160
stopped,bundle,com.google.appengine.eclipse.datatools,2.5.2.v201203300216-rel-r37,"com.google.appengine.eclipse.datatools",1348112754160
stopped,bundle,com.google.appengine.eclipse.sdkbundle,1.6.4.v201203300216r37,"com.google.appengine.eclipse.sdkbundle",1348112754160
stopped,bundle,com.google.gdt.eclipse.appengine.rpc,2.5.2.v201203300216-rel-r37,"com.google.gdt.eclipse.appengine.rpc",1348112754160
stopped,bundle,com.google.gdt.eclipse.gph.e36,2.5.2.v201203300216-rel-r37,"com.google.gdt.eclipse.gph.e36",1348112754160
stopped,bundle,com.google.gdt.eclipse.gph.hge,2.5.2.v201203300216-rel-r37,"com.google.gdt.eclipse.gph.hge",1348112754160
stopped,bundle,com.google.gdt.eclipse.gph.subclipse,2.5.2.v201203300216-rel-r37,"com.google.gdt.eclipse.gph.subclipse",1348112754160
stopped,bundle,com.google.gdt.eclipse.gph.subversive,2.5.2.v201203300216-rel-r37,"com.google.gdt.eclipse.gph.subversive",1348112754160
stopped,bundle,com.google.gdt.eclipse.suite.ext,2.5.2.v201203300216-rel-r37,"com.google.gdt.eclipse.suite.ext",1348112754161
stopped,bundle,com.google.gdt.eclipse.gph,2.5.2.v201203300216-rel-r37,"com.google.gdt.eclipse.gph",1348112754161
stopped,bundle,com.google.gdt.eclipse.maven.e37,2.5.2.v201203300216-rel-r37,"com.google.gdt.eclipse.maven.e37",1348112754161
stopped,bundle,com.google.gdt.eclipse.maven,2.5.2.v201203300216-rel-r37,"com.google.gdt.eclipse.maven",1348112754161
stopped,bundle,com.google.gdt.eclipse.suite,2.5.2.v201203300216-rel-r37,"com.google.gdt.eclipse.suite",1348112754161
stopped,bundle,com.google.gdt.eclipse.appsmarketplace,2.5.2.v201203300216-rel-r37,"com.google.gdt.eclipse.appsmarketplace",1348112754161
stopped,bundle,com.google.appengine.eclipse.core,2.5.2.v201203300216-rel-r37,"com.google.appengine.eclipse.core",1348112754161
stopped,bundle,com.google.gdt.eclipse.login,2.5.2.v201203300216-rel-r37,"com.google.gdt.eclipse.login",1348112754162
stopped,bundle,com.google.gdt.eclipse.managedapis,2.5.2.v201203300216-rel-r37,"com.google.gdt.eclipse.managedapis",1348112754184
stopped,bundle,com.google.gwt.eclipse.oophm,2.5.2.v201203300216-rel-r37,"com.google.gwt.eclipse.oophm",1348112755386
stopped,bundle,com.google.gwt.eclipse.sdkbundle,2.4.0.v201203300216-rel-r37,"com.google.gwt.eclipse.sdkbundle",1348112755386
stopped,bundle,com.google.gwt.eclipse.core,2.5.2.v201203300216-rel-r37,"com.google.gwt.eclipse.core",1348112755495
stopped,bundle,com.google.gdt.eclipse.core,2.5.2.v201203300216-rel-r37,"com.google.gdt.eclipse.core",1348112755495
stopped,bundle,com.google.gdt.eclipse.platform,2.5.2.v201203300216-rel-r37,"com.google.gdt.eclipse.platform",1348112755496
stopped,bundle,com.google.gdt.eclipse.platform.e37,2.5.2.v201203300216-rel-r37,"com.google.gdt.eclipse.platform.e37",1348112755496
stopped,bundle,org.eclipse.m2e.jdt,1.0.200.20111228-1245,"org.eclipse.m2e.jdt",1348112755496
stopped,bundle,org.eclipse.m2e.core.ui,1.0.200.20111228-1245,"org.eclipse.m2e.core.ui",1348112755496
stopped,bundle,org.eclipse.m2e.core,1.0.200.20111228-1245,"org.eclipse.m2e.core",1348112755496
stopped,bundle,org.eclipse.jst.ws.jaxws.ui,1.0.100.v201104032053,"org.eclipse.jst.ws.jaxws.ui",1348112755496
stopped,bundle,org.eclipse.jst.ws.jaxws.core,1.0.100.v201104031139,"org.eclipse.jst.ws.jaxws.core",1348112755496
stopped,bundle,org.eclipse.mylyn.bugzilla.ui,3.6.0.v20110608-1400,"org.eclipse.mylyn.bugzilla.ui",1348112755496
stopped,bundle,org.eclipse.mylyn.bugzilla.core,3.6.0.v20110608-1400,"org.eclipse.mylyn.bugzilla.core",1348112755497
stopped,bundle,org.eclipse.mylyn.commons.xmlrpc,3.6.0.v20110608-1400,"org.eclipse.mylyn.commons.xmlrpc",1348112755497
stopped,bundle,org.eclipse.datatools.enablement.oda.ws.ui,1.2.2.v201105111200,"org.eclipse.datatools.enablement.oda.ws.ui",1348112755498
stopped,bundle,org.eclipse.datatools.enablement.oda.ws,1.2.2.v201011041216,"org.eclipse.datatools.enablement.oda.ws",1348112755498
stopped,bundle,org.eclipse.wst.wsdl,1.2.201.v201103211934,"org.eclipse.wst.wsdl",1348112755498
stopped,bundle,org.eclipse.wst.wsdl.validation,1.1.502.v201104071820,"org.eclipse.wst.wsdl.validation",1348112755498
stopped,bundle,org.eclipse.wst.xsl.exslt.ui,1.0.0.v201006012005,"org.eclipse.wst.xsl.exslt.ui",1348112755498
stopped,bundle,org.eclipse.wst.xsl.jaxp.debug.ui,1.0.200.v201103081922,"org.eclipse.wst.xsl.jaxp.debug.ui",1348112755498
stopped,bundle,org.eclipse.wst.xsl.ui,1.1.200.v201103082057,"org.eclipse.wst.xsl.ui",1348112755498
stopped,bundle,org.eclipse.wst.xml.xpath.ui,1.1.100.v201105030025,"org.eclipse.wst.xml.xpath.ui",1348112755498
stopped,bundle,org.eclipse.wst.xsl.debug.ui,1.0.200.v201101281837,"org.eclipse.wst.xsl.debug.ui",1348112755498
stopped,bundle,org.eclipse.wst.xsl.jaxp.launching,1.0.200.v201103081922,"org.eclipse.wst.xsl.jaxp.launching",1348112755499
stopped,bundle,org.eclipse.wst.xsl.launching,1.0.200.v201103081922,"org.eclipse.wst.xsl.launching",1348112755499
stopped,bundle,org.eclipse.wst.xsl.core,1.1.100.v201102270516,"org.eclipse.wst.xsl.core",1348112755499
stopped,bundle,org.eclipse.wst.xml.xpath.core,1.2.0.v201105030025,"org.eclipse.wst.xml.xpath.core",1348112755499
stopped,bundle,org.eclipse.datatools.enablement.oda.xml.ui,1.2.1.v201104211630,"org.eclipse.datatools.enablement.oda.xml.ui",1348112755499
stopped,bundle,org.eclipse.datatools.enablement.oda.xml,1.2.1.v201104121500,"org.eclipse.datatools.enablement.oda.xml",1348112755499
stopped,bundle,org.eclipse.jst.jsf.facelet.core,1.0.100.v201104191527,"org.eclipse.jst.jsf.facelet.core",1348112755499
stopped,bundle,org.eclipse.jst.jsf.core,1.3.5.v201105031140,"org.eclipse.jst.jsf.core",1348112755499
stopped,bundle,org.eclipse.jst.jsf.standard.tagsupport,1.2.100.v201104061711,"org.eclipse.jst.jsf.standard.tagsupport",1348112755499
stopped,bundle,org.eclipse.jst.pagedesigner.jsp.core,1.2.0.v20100308,"org.eclipse.jst.pagedesigner.jsp.core",1348112755499
stopped,bundle,org.eclipse.jst.jsf.common,1.2.3.v201104061039,"org.eclipse.jst.jsf.common",1348112755499
stopped,bundle,org.eclipse.wst.jsdt.web.support.jsp,1.0.400.v201102241833,"org.eclipse.wst.jsdt.web.support.jsp",1348112755499
stopped,bundle,org.eclipse.jst.jsp.ui,1.1.600.v201105092017,"org.eclipse.jst.jsp.ui",1348112755499
stopped,bundle,org.eclipse.jst.jsp.core,1.2.400.v201105162116,"org.eclipse.jst.jsp.core",1348112755499
stopped,bundle,org.eclipse.wst.jsdt.web.ui,1.0.400.v201103080228,"org.eclipse.wst.jsdt.web.ui",1348112755499
